entree,score_isolation_forest,anomalie_detectee,zone_de_confiance,prediction_math_score,prediction_language_mean_score
1,-0.5289,True,Zone de robustesse (haute confiance),67.46,73.87
2,-0.51,True,Zone de robustesse (haute confiance),70.29,80.25
3,-0.5401,True,Zone de robustesse (haute confiance),68.23,74.32
4,-0.6391,True,Zone d'extrapolation (faible confiance — prédiction incertaine),62.64,56.71
5,-0.49,False,Zone de robustesse (haute confiance),68.43,64.07
6,-0.5277,True,Zone de robustesse (haute confiance),65.19,70.77
7,-0.5687,True,Zone de robustesse (haute confiance),70.53,79.26
8,-0.5538,True,Zone de robustesse (haute confiance),58.03,56.14
9,-0.5947,True,Zone de robustesse (haute confiance),64.02,64.26
10,-0.5581,True,Zone de robustesse (haute confiance),49.77,58.6
11,-0.5217,True,Zone de robustesse (haute confiance),68.7,64.22
12,-0.5309,True,Zone de robustesse (haute confiance),71.64,65.13
13,-0.4973,False,Zone de robustesse (haute confiance),62.51,67.4
14,-0.6118,True,Zone de robustesse (haute confiance),75.96,72.03
15,-0.618,True,Zone de robustesse (haute confiance),70.58,73.75
16,-0.5334,True,Zone de robustesse (haute confiance),62.01,70.33
17,-0.4798,False,Zone de robustesse (haute confiance),65.58,62.63
18,-0.5789,True,Zone de robustesse (haute confiance),49.81,58.53
19,-0.5797,True,Zone de robustesse (haute confiance),66.6,69.71
20,-0.5707,True,Zone de robustesse (haute confiance),53.39,64.7
21,-0.4909,False,Zone de robustesse (haute confiance),68.58,63.33
22,-0.5954,True,Zone de robustesse (haute confiance),60.03,73.28
23,-0.4904,False,Zone de robustesse (haute confiance),70.59,64.96
24,-0.5334,True,Zone de robustesse (haute confiance),62.01,70.33
25,-0.5903,True,Zone de robustesse (haute confiance),66.88,70.21
26,-0.6273,True,Zone d'extrapolation (faible confiance — prédiction incertaine),63.87,59.67
27,-0.5442,True,Zone de robustesse (haute confiance),68.51,62.02
28,-0.5089,True,Zone de robustesse (haute confiance),68.71,76.41
29,-0.4798,False,Zone de robustesse (haute confiance),65.58,62.63
30,-0.5119,True,Zone de robustesse (haute confiance),68.52,77.66
31,-0.49,False,Zone de robustesse (haute confiance),67.44,73.61
32,-0.5258,True,Zone de robustesse (haute confiance),65.16,70.37
33,-0.6009,True,Zone de robustesse (haute confiance),61.94,69.31
34,-0.4904,False,Zone de robustesse (haute confiance),70.59,64.96
35,-0.553,True,Zone de robustesse (haute confiance),76.32,65.75
36,-0.6014,True,Zone de robustesse (haute confiance),83.11,74.49
37,-0.5471,True,Zone de robustesse (haute confiance),68.51,73.82
38,-0.5668,True,Zone de robustesse (haute confiance),53.7,62.02
39,-0.5907,True,Zone de robustesse (haute confiance),62.77,74.73
40,-0.5943,True,Zone de robustesse (haute confiance),57.99,56.52
41,-0.5651,True,Zone de robustesse (haute confiance),58.08,57.51
42,-0.4982,False,Zone de robustesse (haute confiance),65.37,72.8
43,-0.5277,True,Zone de robustesse (haute confiance),65.19,70.77
44,-0.5934,True,Zone de robustesse (haute confiance),65.07,67.13
45,-0.6238,True,Zone d'extrapolation (faible confiance — prédiction incertaine),61.8,66.33
46,-0.5681,True,Zone de robustesse (haute confiance),68.54,62.5
47,-0.6363,True,Zone d'extrapolation (faible confiance — prédiction incertaine),73.45,78.97
48,-0.4764,False,Zone de robustesse (haute confiance),61.89,70.49
49,-0.5907,True,Zone de robustesse (haute confiance),62.77,74.73
50,-0.5297,True,Zone de robustesse (haute confiance),70.71,69.32
51,-0.553,True,Zone de robustesse (haute confiance),76.32,65.75
52,-0.6281,True,Zone d'extrapolation (faible confiance — prédiction incertaine),73.22,68.35
53,-0.49,False,Zone de robustesse (haute confiance),68.43,64.07
54,-0.4909,False,Zone de robustesse (haute confiance),68.58,63.33
55,-0.6049,True,Zone de robustesse (haute confiance),55.38,68.71
56,-0.5325,True,Zone de robustesse (haute confiance),49.08,60.76
57,-0.6024,True,Zone de robustesse (haute confiance),78.8,81.29
58,-0.5309,True,Zone de robustesse (haute confiance),71.64,65.13
59,-0.5629,True,Zone de robustesse (haute confiance),76.17,73.89
60,-0.545,True,Zone de robustesse (haute confiance),49.5,60.6
61,-0.6312,True,Zone d'extrapolation (faible confiance — prédiction incertaine),71.3,70.28
62,-0.6194,True,Zone de robustesse (haute confiance),60.6,53.44
63,-0.6391,True,Zone d'extrapolation (faible confiance — prédiction incertaine),62.64,56.71
64,-0.4982,False,Zone de robustesse (haute confiance),65.37,72.8
65,-0.5387,True,Zone de robustesse (haute confiance),65.82,71.32
66,-0.5749,True,Zone de robustesse (haute confiance),65.97,59.92
67,-0.6117,True,Zone de robustesse (haute confiance),58.79,56.08
68,-0.4681,False,Zone de robustesse (haute confiance),65.1,72.61
69,-0.5943,True,Zone de robustesse (haute confiance),57.99,56.52
70,-0.4982,False,Zone de robustesse (haute confiance),65.37,72.8
71,-0.5842,True,Zone de robustesse (haute confiance),61.7,74.51
72,-0.5629,True,Zone de robustesse (haute confiance),76.17,73.89
73,-0.6541,True,Zone d'extrapolation (faible confiance — prédiction incertaine),57.74,63.64
74,-0.5815,True,Zone de robustesse (haute confiance),54.62,54.76
75,-0.5431,True,Zone de robustesse (haute confiance),65.67,62.58
76,-0.5943,True,Zone de robustesse (haute confiance),57.99,56.52
77,-0.6059,True,Zone de robustesse (haute confiance),75.99,64.19
78,-0.6099,True,Zone de robustesse (haute confiance),77.82,73.49
79,-0.5976,True,Zone de robustesse (haute confiance),70.13,77.2
80,-0.5913,True,Zone de robustesse (haute confiance),74.67,77.73
81,-0.5277,True,Zone de robustesse (haute confiance),65.19,70.77
82,-0.5505,True,Zone de robustesse (haute confiance),55.04,52.99
83,-0.6337,True,Zone d'extrapolation (faible confiance — prédiction incertaine),67.9,67.15
84,-0.5984,True,Zone de robustesse (haute confiance),77.42,65.93
85,-0.5457,True,Zone de robustesse (haute confiance),57.95,55.94
86,-0.4681,False,Zone de robustesse (haute confiance),65.1,72.61
87,-0.5171,True,Zone de robustesse (haute confiance),53.16,64.32
88,-0.5471,True,Zone de robustesse (haute confiance),68.51,73.82
89,-0.6045,True,Zone de robustesse (haute confiance),67.22,70.31
90,-0.5387,True,Zone de robustesse (haute confiance),65.82,71.32
91,-0.5089,True,Zone de robustesse (haute confiance),68.71,76.41
92,-0.5318,True,Zone de robustesse (haute confiance),54.33,54.81
93,-0.4798,False,Zone de robustesse (haute confiance),65.58,62.63
94,-0.5905,True,Zone de robustesse (haute confiance),64.8,67.06
95,-0.5258,True,Zone de robustesse (haute confiance),65.16,70.37
96,-0.5905,True,Zone de robustesse (haute confiance),64.8,67.06
97,-0.5826,True,Zone de robustesse (haute confiance),71.32,68.36
98,-0.5981,True,Zone de robustesse (haute confiance),77.83,81.14
99,-0.5275,True,Zone de robustesse (haute confiance),55.91,65.61
100,-0.5301,True,Zone de robustesse (haute confiance),69.31,77.3
101,-0.5442,True,Zone de robustesse (haute confiance),68.51,62.02
102,-0.5801,True,Zone de robustesse (haute confiance),77.77,76.59
103,-0.5471,True,Zone de robustesse (haute confiance),68.51,73.82
104,-0.5671,True,Zone de robustesse (haute confiance),70.94,67.94
105,-0.565,True,Zone de robustesse (haute confiance),74.25,73.21
106,-0.4681,False,Zone de robustesse (haute confiance),65.1,72.61
107,-0.5119,True,Zone de robustesse (haute confiance),68.52,77.66
108,-0.6014,True,Zone de robustesse (haute confiance),83.11,74.49
109,-0.5947,True,Zone de robustesse (haute confiance),53.28,63.41
110,-0.5531,True,Zone de robustesse (haute confiance),62.28,67.33
111,-0.5907,True,Zone de robustesse (haute confiance),62.77,74.73
112,-0.4798,False,Zone de robustesse (haute confiance),65.58,62.63
113,-0.6118,True,Zone de robustesse (haute confiance),71.74,62.37
114,-0.49,False,Zone de robustesse (haute confiance),67.44,73.61
115,-0.5951,True,Zone de robustesse (haute confiance),77.86,83.73
116,-0.4798,False,Zone de robustesse (haute confiance),65.58,62.63
117,-0.5792,True,Zone de robustesse (haute confiance),55.0,66.15
118,-0.5301,True,Zone de robustesse (haute confiance),69.31,77.3
119,-0.5387,True,Zone de robustesse (haute confiance),65.82,71.32
120,-0.4681,False,Zone de robustesse (haute confiance),65.1,72.61
121,-0.5428,True,Zone de robustesse (haute confiance),74.07,83.14
122,-0.5968,True,Zone de robustesse (haute confiance),74.41,72.51
123,-0.51,True,Zone de robustesse (haute confiance),70.29,80.25
124,-0.5457,True,Zone de robustesse (haute confiance),57.95,55.94
125,-0.553,True,Zone de robustesse (haute confiance),76.32,65.75
126,-0.4973,False,Zone de robustesse (haute confiance),62.51,67.4
127,-0.5749,True,Zone de robustesse (haute confiance),65.97,59.92
128,-0.5629,True,Zone de robustesse (haute confiance),76.17,73.89
129,-0.5253,True,Zone de robustesse (haute confiance),72.59,69.13
130,-0.6242,True,Zone d'extrapolation (faible confiance — prédiction incertaine),68.77,73.2
131,-0.5253,True,Zone de robustesse (haute confiance),72.59,69.13
132,-0.6222,True,Zone de robustesse (haute confiance),60.83,63.06
133,-0.6469,True,Zone d'extrapolation (faible confiance — prédiction incertaine),72.34,68.5
134,-0.51,True,Zone de robustesse (haute confiance),70.29,80.25
135,-0.5903,True,Zone de robustesse (haute confiance),66.88,70.21
136,-0.5343,True,Zone de robustesse (haute confiance),71.79,67.76
137,-0.5826,True,Zone de robustesse (haute confiance),71.32,68.36
138,-0.5649,True,Zone de robustesse (haute confiance),75.89,64.04
139,-0.4982,False,Zone de robustesse (haute confiance),65.37,72.8
140,-0.5629,True,Zone de robustesse (haute confiance),76.17,73.89
141,-0.5387,True,Zone de robustesse (haute confiance),65.82,71.32
142,-0.5171,True,Zone de robustesse (haute confiance),53.16,64.32
143,-0.6252,True,Zone d'extrapolation (faible confiance — prédiction incertaine),67.11,74.55
144,-0.5834,True,Zone de robustesse (haute confiance),68.0,59.62
145,-0.4904,False,Zone de robustesse (haute confiance),70.59,64.96
146,-0.5171,True,Zone de robustesse (haute confiance),53.16,64.32
147,-0.5749,True,Zone de robustesse (haute confiance),65.97,59.92
148,-0.5651,True,Zone de robustesse (haute confiance),58.08,57.51
149,-0.5649,True,Zone de robustesse (haute confiance),74.27,83.81
150,-0.6281,True,Zone d'extrapolation (faible confiance — prédiction incertaine),73.22,68.35
151,-0.628,True,Zone d'extrapolation (faible confiance — prédiction incertaine),73.84,68.51
152,-0.5944,True,Zone de robustesse (haute confiance),72.46,65.11
153,-0.5875,True,Zone de robustesse (haute confiance),70.43,79.3
154,-0.5487,True,Zone de robustesse (haute confiance),72.19,68.55
155,-0.5342,True,Zone de robustesse (haute confiance),69.29,63.47
156,-0.51,True,Zone de robustesse (haute confiance),70.29,80.25
157,-0.6218,True,Zone de robustesse (haute confiance),64.91,70.29
158,-0.5538,True,Zone de robustesse (haute confiance),58.03,56.14
159,-0.5875,True,Zone de robustesse (haute confiance),70.43,79.3
160,-0.5798,True,Zone de robustesse (haute confiance),61.68,58.68
161,-0.625,True,Zone d'extrapolation (faible confiance — prédiction incertaine),64.89,67.06
162,-0.6252,True,Zone d'extrapolation (faible confiance — prédiction incertaine),67.11,74.55
163,-0.5752,True,Zone de robustesse (haute confiance),60.17,59.77
164,-0.4798,False,Zone de robustesse (haute confiance),65.58,62.63
165,-0.5913,True,Zone de robustesse (haute confiance),74.67,77.73
166,-0.5428,True,Zone de robustesse (haute confiance),74.07,83.14
167,-0.5729,True,Zone de robustesse (haute confiance),61.04,63.15
168,-0.5914,True,Zone de robustesse (haute confiance),61.96,74.78
169,-0.5908,True,Zone de robustesse (haute confiance),66.6,74.36
170,-0.5742,True,Zone de robustesse (haute confiance),59.68,73.44
171,-0.6111,True,Zone de robustesse (haute confiance),73.35,67.72
172,-0.6059,True,Zone de robustesse (haute confiance),75.99,64.19
173,-0.49,False,Zone de robustesse (haute confiance),67.44,73.61
174,-0.4982,False,Zone de robustesse (haute confiance),65.37,72.8
175,-0.5746,True,Zone de robustesse (haute confiance),61.84,76.06
176,-0.5505,True,Zone de robustesse (haute confiance),72.79,83.43
177,-0.5846,True,Zone de robustesse (haute confiance),55.72,68.19
178,-0.5166,True,Zone de robustesse (haute confiance),70.42,80.39
179,-0.5914,True,Zone de robustesse (haute confiance),61.96,74.78
180,-0.5976,True,Zone de robustesse (haute confiance),70.13,77.2
181,-0.5797,True,Zone de robustesse (haute confiance),66.6,69.71
182,-0.5171,True,Zone de robustesse (haute confiance),53.16,64.32
183,-0.5664,True,Zone de robustesse (haute confiance),71.6,71.54
184,-0.5471,True,Zone de robustesse (haute confiance),68.51,73.82
185,-0.6222,True,Zone de robustesse (haute confiance),60.83,63.06
186,-0.5905,True,Zone de robustesse (haute confiance),64.8,67.06
187,-0.5649,True,Zone de robustesse (haute confiance),75.89,64.04
188,-0.567,True,Zone de robustesse (haute confiance),74.22,70.47
189,-0.6081,True,Zone de robustesse (haute confiance),54.94,53.03
190,-0.5089,True,Zone de robustesse (haute confiance),68.71,76.41
191,-0.5792,True,Zone de robustesse (haute confiance),73.73,74.3
192,-0.5629,True,Zone de robustesse (haute confiance),76.17,73.89
193,-0.5531,True,Zone de robustesse (haute confiance),62.28,67.33
194,-0.5629,True,Zone de robustesse (haute confiance),76.17,73.89
195,-0.5505,True,Zone de robustesse (haute confiance),72.79,83.43
196,-0.5309,True,Zone de robustesse (haute confiance),71.64,65.13
197,-0.6222,True,Zone de robustesse (haute confiance),60.83,63.06
198,-0.6137,True,Zone de robustesse (haute confiance),64.35,56.64
199,-0.5611,True,Zone de robustesse (haute confiance),53.32,62.86
200,-0.5792,True,Zone de robustesse (haute confiance),55.0,66.15
201,-0.5166,True,Zone de robustesse (haute confiance),70.42,80.39
202,-0.5275,True,Zone de robustesse (haute confiance),55.91,65.61
203,-0.5217,True,Zone de robustesse (haute confiance),68.7,64.22
204,-0.5277,True,Zone de robustesse (haute confiance),65.19,70.77
205,-0.49,False,Zone de robustesse (haute confiance),68.43,64.07
206,-0.567,True,Zone de robustesse (haute confiance),74.22,70.47
207,-0.5971,True,Zone de robustesse (haute confiance),75.94,68.86
208,-0.6093,True,Zone de robustesse (haute confiance),81.11,70.71
209,-0.5611,True,Zone de robustesse (haute confiance),53.32,62.86
210,-0.5611,True,Zone de robustesse (haute confiance),53.32,62.86
211,-0.6388,True,Zone d'extrapolation (faible confiance — prédiction incertaine),64.25,64.36
212,-0.5324,True,Zone de robustesse (haute confiance),57.84,57.42
213,-0.5325,True,Zone de robustesse (haute confiance),49.08,60.76
214,-0.5905,True,Zone de robustesse (haute confiance),64.8,67.06
215,-0.6093,True,Zone de robustesse (haute confiance),81.11,70.71
216,-0.5826,True,Zone de robustesse (haute confiance),71.32,68.36
217,-0.63,True,Zone d'extrapolation (faible confiance — prédiction incertaine),67.99,74.7
218,-0.5325,True,Zone de robustesse (haute confiance),49.08,60.76
219,-0.5505,True,Zone de robustesse (haute confiance),55.04,52.99
220,-0.5826,True,Zone de robustesse (haute confiance),71.32,68.36
221,-0.565,True,Zone de robustesse (haute confiance),69.46,76.85
222,-0.5681,True,Zone de robustesse (haute confiance),68.54,62.5
223,-0.545,True,Zone de robustesse (haute confiance),49.5,60.6
224,-0.5342,True,Zone de robustesse (haute confiance),69.29,63.47
225,-0.5875,True,Zone de robustesse (haute confiance),70.43,79.3
226,-0.6009,True,Zone de robustesse (haute confiance),61.94,69.31
227,-0.4681,False,Zone de robustesse (haute confiance),65.1,72.61
228,-0.4909,False,Zone de robustesse (haute confiance),68.58,63.33
229,-0.6194,True,Zone de robustesse (haute confiance),60.6,53.44
230,-0.51,True,Zone de robustesse (haute confiance),70.29,80.25
231,-0.4904,False,Zone de robustesse (haute confiance),70.59,64.96
232,-0.5217,True,Zone de robustesse (haute confiance),68.7,64.22
233,-0.5289,True,Zone de robustesse (haute confiance),67.46,73.87
234,-0.6059,True,Zone de robustesse (haute confiance),75.99,64.19
235,-0.5453,True,Zone de robustesse (haute confiance),77.77,76.01
236,-0.5309,True,Zone de robustesse (haute confiance),71.64,65.13
237,-0.571,True,Zone de robustesse (haute confiance),61.09,61.7
238,-0.5976,True,Zone de robustesse (haute confiance),70.13,77.2
239,-0.5442,True,Zone de robustesse (haute confiance),68.51,62.02
240,-0.5217,True,Zone de robustesse (haute confiance),68.7,64.22
241,-0.5947,True,Zone de robustesse (haute confiance),64.02,64.26
242,-0.5698,True,Zone de robustesse (haute confiance),72.66,77.39
243,-0.5007,True,Zone de robustesse (haute confiance),65.09,71.29
244,-0.553,True,Zone de robustesse (haute confiance),76.32,65.75
245,-0.5342,True,Zone de robustesse (haute confiance),69.29,63.47
246,-0.5217,True,Zone de robustesse (haute confiance),68.7,64.22
247,-0.5984,True,Zone de robustesse (haute confiance),77.42,65.93
248,-0.5908,True,Zone de robustesse (haute confiance),66.6,74.36
249,-0.4973,False,Zone de robustesse (haute confiance),62.51,67.4
250,-0.4798,False,Zone de robustesse (haute confiance),65.58,62.63
251,-0.628,True,Zone d'extrapolation (faible confiance — prédiction incertaine),73.84,68.51
252,-0.5275,True,Zone de robustesse (haute confiance),55.91,65.61
253,-0.5929,True,Zone de robustesse (haute confiance),67.0,74.67
254,-0.5253,True,Zone de robustesse (haute confiance),72.59,69.13
255,-0.4909,False,Zone de robustesse (haute confiance),68.58,63.33
256,-0.5633,True,Zone de robustesse (haute confiance),72.62,74.09
257,-0.5707,True,Zone de robustesse (haute confiance),53.39,64.7
258,-0.5627,True,Zone de robustesse (haute confiance),74.38,73.31
259,-0.5258,True,Zone de robustesse (haute confiance),65.16,70.37
260,-0.5751,True,Zone de robustesse (haute confiance),60.94,76.21
261,-0.6049,True,Zone de robustesse (haute confiance),55.38,68.71
262,-0.565,True,Zone de robustesse (haute confiance),74.25,73.21
263,-0.545,True,Zone de robustesse (haute confiance),49.5,60.6
264,-0.5664,True,Zone de robustesse (haute confiance),71.6,71.54
265,-0.4909,False,Zone de robustesse (haute confiance),68.58,63.33
266,-0.6117,True,Zone de robustesse (haute confiance),58.79,56.08
267,-0.5089,True,Zone de robustesse (haute confiance),68.71,76.41
268,-0.5007,True,Zone de robustesse (haute confiance),65.09,71.29
269,-0.5855,True,Zone de robustesse (haute confiance),73.43,81.18
270,-0.5891,True,Zone de robustesse (haute confiance),60.78,66.02
271,-0.5343,True,Zone de robustesse (haute confiance),71.79,67.76
272,-0.49,False,Zone de robustesse (haute confiance),68.43,64.07
273,-0.5685,True,Zone de robustesse (haute confiance),57.02,65.98
274,-0.49,False,Zone de robustesse (haute confiance),67.44,73.61
275,-0.5721,True,Zone de robustesse (haute confiance),74.51,72.38
276,-0.5343,True,Zone de robustesse (haute confiance),71.79,67.76
277,-0.5664,True,Zone de robustesse (haute confiance),66.55,76.23
278,-0.6087,True,Zone de robustesse (haute confiance),76.19,77.03
279,-0.545,True,Zone de robustesse (haute confiance),49.5,60.6
280,-0.5701,True,Zone de robustesse (haute confiance),59.45,59.28
281,-0.4909,False,Zone de robustesse (haute confiance),68.58,63.33
282,-0.4909,False,Zone de robustesse (haute confiance),68.58,63.33
283,-0.5649,True,Zone de robustesse (haute confiance),56.68,69.09
284,-0.5842,True,Zone de robustesse (haute confiance),61.7,74.51
285,-0.5531,True,Zone de robustesse (haute confiance),62.28,67.33
286,-0.5968,True,Zone de robustesse (haute confiance),74.41,72.51
287,-0.6014,True,Zone de robustesse (haute confiance),83.11,74.49
288,-0.5531,True,Zone de robustesse (haute confiance),62.28,67.33
289,-0.5701,True,Zone de robustesse (haute confiance),59.45,59.28
290,-0.609,True,Zone de robustesse (haute confiance),81.17,71.19
291,-0.5217,True,Zone de robustesse (haute confiance),68.7,64.22
292,-0.5342,True,Zone de robustesse (haute confiance),69.29,63.47
293,-0.5865,True,Zone de robustesse (haute confiance),70.84,69.6
294,-0.5698,True,Zone de robustesse (haute confiance),72.66,77.39
295,-0.5947,True,Zone de robustesse (haute confiance),64.02,64.26
296,-0.5943,True,Zone de robustesse (haute confiance),57.99,56.52
297,-0.628,True,Zone d'extrapolation (faible confiance — prédiction incertaine),73.84,68.51
298,-0.6014,True,Zone de robustesse (haute confiance),83.11,74.49
299,-0.5729,True,Zone de robustesse (haute confiance),61.04,63.15
300,-0.5798,True,Zone de robustesse (haute confiance),61.68,58.68
301,-0.6337,True,Zone d'extrapolation (faible confiance — prédiction incertaine),67.9,67.15
302,-0.6117,True,Zone de robustesse (haute confiance),58.79,56.08
303,-0.5166,True,Zone de robustesse (haute confiance),70.42,80.39
304,-0.5681,True,Zone de robustesse (haute confiance),68.54,62.5
305,-0.5166,True,Zone de robustesse (haute confiance),70.42,80.39
306,-0.5991,True,Zone de robustesse (haute confiance),70.76,61.91
307,-0.5996,True,Zone de robustesse (haute confiance),82.15,74.37
308,-0.5431,True,Zone de robustesse (haute confiance),65.67,62.58
309,-0.5947,True,Zone de robustesse (haute confiance),53.28,63.41
310,-0.5573,True,Zone de robustesse (haute confiance),52.73,61.99
311,-0.5277,True,Zone de robustesse (haute confiance),65.19,70.77
312,-0.5623,True,Zone de robustesse (haute confiance),70.56,65.63
313,-0.5801,True,Zone de robustesse (haute confiance),77.77,76.59
314,-0.5939,True,Zone de robustesse (haute confiance),59.78,73.67
315,-0.5428,True,Zone de robustesse (haute confiance),74.07,83.14
316,-0.4798,False,Zone de robustesse (haute confiance),65.58,62.63
317,-0.57,True,Zone de robustesse (haute confiance),72.96,84.11
318,-0.5217,True,Zone de robustesse (haute confiance),68.7,64.22
319,-0.5623,True,Zone de robustesse (haute confiance),70.56,65.63
320,-0.5685,True,Zone de robustesse (haute confiance),57.02,65.98
321,-0.5646,True,Zone de robustesse (haute confiance),55.45,68.91
322,-0.5664,True,Zone de robustesse (haute confiance),71.6,71.54
323,-0.4681,False,Zone de robustesse (haute confiance),65.1,72.61
324,-0.545,True,Zone de robustesse (haute confiance),49.5,60.6
325,-0.5325,True,Zone de robustesse (haute confiance),49.08,60.76
326,-0.4681,False,Zone de robustesse (haute confiance),65.1,72.61
327,-0.49,False,Zone de robustesse (haute confiance),68.43,64.07
328,-0.6068,True,Zone de robustesse (haute confiance),61.66,56.35
329,-0.5627,True,Zone de robustesse (haute confiance),74.38,73.31
330,-0.5531,True,Zone de robustesse (haute confiance),62.28,67.33
331,-0.4798,False,Zone de robustesse (haute confiance),65.58,62.63
332,-0.5217,True,Zone de robustesse (haute confiance),68.7,64.22
333,-0.6014,True,Zone de robustesse (haute confiance),83.11,74.49
334,-0.5681,True,Zone de robustesse (haute confiance),68.54,62.5
335,-0.5089,True,Zone de robustesse (haute confiance),68.71,76.41
336,-0.5611,True,Zone de robustesse (haute confiance),53.32,62.86
337,-0.567,True,Zone de robustesse (haute confiance),74.22,70.47
338,-0.5217,True,Zone de robustesse (haute confiance),68.7,64.22
339,-0.5789,True,Zone de robustesse (haute confiance),49.81,58.53
340,-0.6165,True,Zone de robustesse (haute confiance),58.83,70.11
341,-0.5318,True,Zone de robustesse (haute confiance),54.33,54.81
342,-0.4764,False,Zone de robustesse (haute confiance),61.89,70.49
343,-0.5908,True,Zone de robustesse (haute confiance),66.6,74.36
344,-0.5865,True,Zone de robustesse (haute confiance),77.19,74.01
345,-0.4904,False,Zone de robustesse (haute confiance),70.59,64.96
346,-0.4764,False,Zone de robustesse (haute confiance),61.89,70.49
347,-0.5442,True,Zone de robustesse (haute confiance),68.51,62.02
348,-0.5428,True,Zone de robustesse (haute confiance),74.07,83.14
349,-0.5457,True,Zone de robustesse (haute confiance),57.95,55.94
350,-0.5984,True,Zone de robustesse (haute confiance),77.42,65.93
351,-0.5289,True,Zone de robustesse (haute confiance),67.46,73.87
352,-0.553,True,Zone de robustesse (haute confiance),76.32,65.75
353,-0.51,True,Zone de robustesse (haute confiance),70.29,80.25
354,-0.4982,False,Zone de robustesse (haute confiance),65.37,72.8
355,-0.4681,False,Zone de robustesse (haute confiance),65.1,72.61
356,-0.5289,True,Zone de robustesse (haute confiance),67.46,73.87
357,-0.6118,True,Zone de robustesse (haute confiance),71.74,62.37
358,-0.5742,True,Zone de robustesse (haute confiance),59.68,73.44
359,-0.5643,True,Zone de robustesse (haute confiance),60.59,58.61
360,-0.49,False,Zone de robustesse (haute confiance),67.44,73.61
361,-0.4973,False,Zone de robustesse (haute confiance),62.51,67.4
362,-0.5826,True,Zone de robustesse (haute confiance),71.32,68.36
363,-0.4681,False,Zone de robustesse (haute confiance),65.1,72.61
364,-0.5668,True,Zone de robustesse (haute confiance),53.7,62.02
365,-0.49,False,Zone de robustesse (haute confiance),68.43,64.07
366,-0.6505,True,Zone d'extrapolation (faible confiance — prédiction incertaine),68.26,68.06
367,-0.5297,True,Zone de robustesse (haute confiance),70.71,69.32
368,-0.5573,True,Zone de robustesse (haute confiance),59.9,60.64
369,-0.623,True,Zone d'extrapolation (faible confiance — prédiction incertaine),55.66,58.97
370,-0.5387,True,Zone de robustesse (haute confiance),65.82,71.32
371,-0.553,True,Zone de robustesse (haute confiance),76.32,65.75
372,-0.5742,True,Zone de robustesse (haute confiance),59.68,73.44
373,-0.5342,True,Zone de robustesse (haute confiance),69.29,63.47
374,-0.5497,True,Zone de robustesse (haute confiance),72.4,81.03
375,-0.5301,True,Zone de robustesse (haute confiance),69.31,77.3
376,-0.6393,True,Zone d'extrapolation (faible confiance — prédiction incertaine),66.69,59.34
377,-0.5387,True,Zone de robustesse (haute confiance),65.82,71.32
378,-0.5889,True,Zone de robustesse (haute confiance),61.02,77.16
379,-0.6262,True,Zone d'extrapolation (faible confiance — prédiction incertaine),66.67,67.48
380,-0.5944,True,Zone de robustesse (haute confiance),72.46,65.11
381,-0.5277,True,Zone de robustesse (haute confiance),65.19,70.77
382,-0.5627,True,Zone de robustesse (haute confiance),74.38,73.31
383,-0.5614,True,Zone de robustesse (haute confiance),60.08,61.05
384,-0.6153,True,Zone de robustesse (haute confiance),59.38,62.41
385,-0.623,True,Zone d'extrapolation (faible confiance — prédiction incertaine),55.66,58.97
386,-0.5633,True,Zone de robustesse (haute confiance),72.62,74.09
387,-0.5698,True,Zone de robustesse (haute confiance),72.66,77.39
388,-0.5707,True,Zone de robustesse (haute confiance),53.39,64.7
389,-0.5007,True,Zone de robustesse (haute confiance),65.09,71.29
390,-0.5253,True,Zone de robustesse (haute confiance),72.59,69.13
391,-0.6676,True,Zone d'extrapolation (faible confiance — prédiction incertaine),70.79,65.07
392,-0.49,False,Zone de robustesse (haute confiance),67.44,73.61
393,-0.553,True,Zone de robustesse (haute confiance),76.32,65.75
394,-0.5627,True,Zone de robustesse (haute confiance),74.38,73.31
395,-0.5664,True,Zone de robustesse (haute confiance),66.55,76.23
396,-0.6134,True,Zone de robustesse (haute confiance),58.42,53.03
397,-0.5581,True,Zone de robustesse (haute confiance),49.77,58.6
398,-0.4982,False,Zone de robustesse (haute confiance),65.37,72.8
399,-0.5749,True,Zone de robustesse (haute confiance),65.97,59.92
400,-0.5342,True,Zone de robustesse (haute confiance),69.29,63.47
401,-0.5664,True,Zone de robustesse (haute confiance),66.55,76.23
402,-0.5991,True,Zone de robustesse (haute confiance),70.76,61.91
403,-0.6224,True,Zone d'extrapolation (faible confiance — prédiction incertaine),56.76,63.11
404,-0.565,True,Zone de robustesse (haute confiance),69.46,76.85
405,-0.4764,False,Zone de robustesse (haute confiance),61.89,70.49
406,-0.5334,True,Zone de robustesse (haute confiance),62.01,70.33
407,-0.5968,True,Zone de robustesse (haute confiance),74.41,72.51
408,-0.5277,True,Zone de robustesse (haute confiance),65.19,70.77
409,-0.5833,True,Zone de robustesse (haute confiance),58.47,70.12
410,-0.5865,True,Zone de robustesse (haute confiance),77.19,74.01
411,-0.57,True,Zone de robustesse (haute confiance),72.96,84.11
412,-0.5996,True,Zone de robustesse (haute confiance),82.15,74.37
413,-0.5309,True,Zone de robustesse (haute confiance),71.64,65.13
414,-0.5826,True,Zone de robustesse (haute confiance),71.32,68.36
415,-0.5746,True,Zone de robustesse (haute confiance),61.84,76.06
416,-0.5649,True,Zone de robustesse (haute confiance),75.89,64.04
417,-0.5453,True,Zone de robustesse (haute confiance),77.77,76.01
418,-0.5217,True,Zone de robustesse (haute confiance),68.7,64.22
419,-0.4904,False,Zone de robustesse (haute confiance),70.59,64.96
420,-0.637,True,Zone d'extrapolation (faible confiance — prédiction incertaine),70.93,64.95
421,-0.5939,True,Zone de robustesse (haute confiance),59.78,73.67
422,-0.565,True,Zone de robustesse (haute confiance),69.46,76.85
423,-0.5889,True,Zone de robustesse (haute confiance),61.02,77.16
424,-0.6367,True,Zone d'extrapolation (faible confiance — prédiction incertaine),70.44,74.86
425,-0.5538,True,Zone de robustesse (haute confiance),58.03,56.14
426,-0.5171,True,Zone de robustesse (haute confiance),53.16,64.32
427,-0.5343,True,Zone de robustesse (haute confiance),71.79,67.76
428,-0.5815,True,Zone de robustesse (haute confiance),54.62,54.76
429,-0.6194,True,Zone de robustesse (haute confiance),60.6,53.44
430,-0.5815,True,Zone de robustesse (haute confiance),54.62,54.76
431,-0.5651,True,Zone de robustesse (haute confiance),58.08,57.51
432,-0.4764,False,Zone de robustesse (haute confiance),61.89,70.49
433,-0.4798,False,Zone de robustesse (haute confiance),65.58,62.63
434,-0.623,True,Zone d'extrapolation (faible confiance — prédiction incertaine),55.66,58.97
435,-0.5431,True,Zone de robustesse (haute confiance),65.67,62.58
436,-0.5809,True,Zone de robustesse (haute confiance),64.71,67.12
437,-0.5309,True,Zone de robustesse (haute confiance),71.64,65.13
438,-0.5798,True,Zone de robustesse (haute confiance),61.68,58.68
439,-0.4798,False,Zone de robustesse (haute confiance),65.58,62.63
440,-0.567,True,Zone de robustesse (haute confiance),74.22,70.47
441,-0.51,True,Zone de robustesse (haute confiance),70.29,80.25
442,-0.5007,True,Zone de robustesse (haute confiance),65.09,71.29
443,-0.623,True,Zone d'extrapolation (faible confiance — prédiction incertaine),55.66,58.97
444,-0.5277,True,Zone de robustesse (haute confiance),65.19,70.77
445,-0.6194,True,Zone de robustesse (haute confiance),60.6,53.44
446,-0.5664,True,Zone de robustesse (haute confiance),66.55,76.23
447,-0.5643,True,Zone de robustesse (haute confiance),60.59,58.61
448,-0.5297,True,Zone de robustesse (haute confiance),70.71,69.32
449,-0.5182,True,Zone de robustesse (haute confiance),66.22,59.88
450,-0.5681,True,Zone de robustesse (haute confiance),68.54,62.5
451,-0.5742,True,Zone de robustesse (haute confiance),59.68,73.44
452,-0.5633,True,Zone de robustesse (haute confiance),72.62,74.09
453,-0.5707,True,Zone de robustesse (haute confiance),53.39,64.7
454,-0.5324,True,Zone de robustesse (haute confiance),57.84,57.42
455,-0.5707,True,Zone de robustesse (haute confiance),53.39,64.7
456,-0.5573,True,Zone de robustesse (haute confiance),59.9,60.64
457,-0.5301,True,Zone de robustesse (haute confiance),69.31,77.3
458,-0.5798,True,Zone de robustesse (haute confiance),61.68,58.68
459,-0.5698,True,Zone de robustesse (haute confiance),72.66,77.39
460,-0.5671,True,Zone de robustesse (haute confiance),70.94,67.94
461,-0.5573,True,Zone de robustesse (haute confiance),59.9,60.64
462,-0.5538,True,Zone de robustesse (haute confiance),58.03,56.14
463,-0.5633,True,Zone de robustesse (haute confiance),72.62,74.09
464,-0.5171,True,Zone de robustesse (haute confiance),53.16,64.32
465,-0.6099,True,Zone de robustesse (haute confiance),77.82,73.49
466,-0.4681,False,Zone de robustesse (haute confiance),65.1,72.61
467,-0.5685,True,Zone de robustesse (haute confiance),57.02,65.98
468,-0.6478,True,Zone d'extrapolation (faible confiance — prédiction incertaine),65.35,62.9
469,-0.651,True,Zone d'extrapolation (faible confiance — prédiction incertaine),60.27,68.38
470,-0.49,False,Zone de robustesse (haute confiance),68.43,64.07
471,-0.5166,True,Zone de robustesse (haute confiance),70.42,80.39
472,-0.4764,False,Zone de robustesse (haute confiance),61.89,70.49
473,-0.5166,True,Zone de robustesse (haute confiance),70.42,80.39
474,-0.5387,True,Zone de robustesse (haute confiance),65.82,71.32
475,-0.5875,True,Zone de robustesse (haute confiance),70.43,79.3
476,-0.5649,True,Zone de robustesse (haute confiance),74.27,83.81
477,-0.5967,True,Zone de robustesse (haute confiance),81.76,76.79
478,-0.5309,True,Zone de robustesse (haute confiance),71.64,65.13
479,-0.5119,True,Zone de robustesse (haute confiance),68.52,77.66
480,-0.5984,True,Zone de robustesse (haute confiance),77.42,65.93
481,-0.5671,True,Zone de robustesse (haute confiance),70.94,67.94
482,-0.5685,True,Zone de robustesse (haute confiance),57.02,65.98
483,-0.5324,True,Zone de robustesse (haute confiance),57.84,57.42
484,-0.5834,True,Zone de robustesse (haute confiance),68.0,59.62
485,-0.5277,True,Zone de robustesse (haute confiance),65.19,70.77
486,-0.4798,False,Zone de robustesse (haute confiance),65.58,62.63
487,-0.5643,True,Zone de robustesse (haute confiance),60.59,58.61
488,-0.5707,True,Zone de robustesse (haute confiance),53.39,64.7
489,-0.5826,True,Zone de robustesse (haute confiance),71.32,68.36
490,-0.661,True,Zone d'extrapolation (faible confiance — prédiction incertaine),68.86,67.06
491,-0.6541,True,Zone d'extrapolation (faible confiance — prédiction incertaine),57.74,63.64
492,-0.4982,False,Zone de robustesse (haute confiance),65.37,72.8
493,-0.4681,False,Zone de robustesse (haute confiance),65.1,72.61
494,-0.5089,True,Zone de robustesse (haute confiance),68.71,76.41
495,-0.4973,False,Zone de robustesse (haute confiance),62.51,67.4
496,-0.5743,True,Zone de robustesse (haute confiance),73.58,70.01
497,-0.4681,False,Zone de robustesse (haute confiance),65.1,72.61
498,-0.5842,True,Zone de robustesse (haute confiance),61.7,74.51
499,-0.5531,True,Zone de robustesse (haute confiance),62.28,67.33
500,-0.553,True,Zone de robustesse (haute confiance),76.32,65.75
501,-0.5119,True,Zone de robustesse (haute confiance),68.52,77.66
502,-0.5875,True,Zone de robustesse (haute confiance),70.43,79.3
503,-0.5324,True,Zone de robustesse (haute confiance),57.84,57.42
504,-0.6024,True,Zone de robustesse (haute confiance),78.8,81.29
505,-0.5653,True,Zone de robustesse (haute confiance),55.75,69.32
506,-0.5531,True,Zone de robustesse (haute confiance),62.28,67.33
507,-0.5834,True,Zone de robustesse (haute confiance),68.0,59.62
508,-0.5701,True,Zone de robustesse (haute confiance),59.45,59.28
509,-0.5245,True,Zone de robustesse (haute confiance),72.21,68.34
510,-0.5089,True,Zone de robustesse (haute confiance),68.71,76.41
511,-0.4904,False,Zone de robustesse (haute confiance),70.59,64.96
512,-0.6192,True,Zone de robustesse (haute confiance),70.16,60.03
513,-0.6117,True,Zone de robustesse (haute confiance),58.79,56.08
514,-0.5929,True,Zone de robustesse (haute confiance),67.0,74.67
515,-0.5914,True,Zone de robustesse (haute confiance),61.96,74.78
516,-0.5664,True,Zone de robustesse (haute confiance),66.55,76.23
517,-0.49,False,Zone de robustesse (haute confiance),67.44,73.61
518,-0.5981,True,Zone de robustesse (haute confiance),77.83,81.14
519,-0.5976,True,Zone de robustesse (haute confiance),70.13,77.2
520,-0.5846,True,Zone de robustesse (haute confiance),55.72,68.19
521,-0.4904,False,Zone de robustesse (haute confiance),70.59,64.96
522,-0.4982,False,Zone de robustesse (haute confiance),65.37,72.8
523,-0.5487,True,Zone de robustesse (haute confiance),72.19,68.55
524,-0.5614,True,Zone de robustesse (haute confiance),60.08,61.05
525,-0.5297,True,Zone de robustesse (haute confiance),70.71,69.32
526,-0.553,True,Zone de robustesse (haute confiance),76.32,65.75
527,-0.6222,True,Zone de robustesse (haute confiance),60.83,63.06
528,-0.5325,True,Zone de robustesse (haute confiance),49.08,60.76
529,-0.5649,True,Zone de robustesse (haute confiance),56.68,69.09
530,-0.4982,False,Zone de robustesse (haute confiance),65.37,72.8
531,-0.5166,True,Zone de robustesse (haute confiance),70.42,80.39
532,-0.5334,True,Zone de robustesse (haute confiance),62.01,70.33
533,-0.6014,True,Zone de robustesse (haute confiance),83.11,74.49
534,-0.6024,True,Zone de robustesse (haute confiance),78.8,81.29
535,-0.5671,True,Zone de robustesse (haute confiance),70.94,67.94
536,-0.5746,True,Zone de robustesse (haute confiance),61.84,76.06
537,-0.5627,True,Zone de robustesse (haute confiance),74.38,73.31
538,-0.5007,True,Zone de robustesse (haute confiance),65.09,71.29
539,-0.5967,True,Zone de robustesse (haute confiance),81.76,76.79
540,-0.6278,True,Zone d'extrapolation (faible confiance — prédiction incertaine),76.91,72.14
541,-0.5297,True,Zone de robustesse (haute confiance),70.71,69.32
542,-0.598,True,Zone de robustesse (haute confiance),67.76,68.01
543,-0.4982,False,Zone de robustesse (haute confiance),65.37,72.8
544,-0.5471,True,Zone de robustesse (haute confiance),68.51,73.82
545,-0.5119,True,Zone de robustesse (haute confiance),68.52,77.66
546,-0.6676,True,Zone d'extrapolation (faible confiance — prédiction incertaine),70.79,65.07
547,-0.6367,True,Zone d'extrapolation (faible confiance — prédiction incertaine),70.44,74.86
548,-0.5297,True,Zone de robustesse (haute confiance),70.71,69.32
549,-0.5325,True,Zone de robustesse (haute confiance),49.08,60.76
550,-0.5245,True,Zone de robustesse (haute confiance),72.21,68.34
551,-0.5815,True,Zone de robustesse (haute confiance),54.62,54.76
552,-0.6103,True,Zone de robustesse (haute confiance),66.34,68.24
553,-0.5277,True,Zone de robustesse (haute confiance),65.19,70.77
554,-0.5643,True,Zone de robustesse (haute confiance),60.59,58.61
555,-0.5984,True,Zone de robustesse (haute confiance),77.42,65.93
556,-0.5171,True,Zone de robustesse (haute confiance),53.16,64.32
557,-0.5166,True,Zone de robustesse (haute confiance),70.42,80.39
558,-0.5614,True,Zone de robustesse (haute confiance),60.08,61.05
559,-0.5947,True,Zone de robustesse (haute confiance),53.28,63.41
560,-0.5342,True,Zone de robustesse (haute confiance),69.29,63.47
561,-0.5497,True,Zone de robustesse (haute confiance),72.4,81.03
562,-0.4681,False,Zone de robustesse (haute confiance),65.1,72.61
563,-0.5453,True,Zone de robustesse (haute confiance),77.77,76.01
564,-0.5842,True,Zone de robustesse (haute confiance),61.7,74.51
565,-0.5701,True,Zone de robustesse (haute confiance),59.45,59.28
566,-0.5681,True,Zone de robustesse (haute confiance),68.54,62.5
567,-0.6287,True,Zone d'extrapolation (faible confiance — prédiction incertaine),66.48,76.79
568,-0.5889,True,Zone de robustesse (haute confiance),61.02,77.16
569,-0.5505,True,Zone de robustesse (haute confiance),55.04,52.99
570,-0.571,True,Zone de robustesse (haute confiance),61.09,61.7
571,-0.5721,True,Zone de robustesse (haute confiance),74.51,72.38
572,-0.5944,True,Zone de robustesse (haute confiance),72.46,65.11
573,-0.4681,False,Zone de robustesse (haute confiance),65.1,72.61
574,-0.5646,True,Zone de robustesse (haute confiance),55.45,68.91
575,-0.5664,True,Zone de robustesse (haute confiance),71.6,71.54
576,-0.661,True,Zone d'extrapolation (faible confiance — prédiction incertaine),68.86,67.06
577,-0.6118,True,Zone de robustesse (haute confiance),75.96,72.03
578,-0.4973,False,Zone de robustesse (haute confiance),62.51,67.4
579,-0.5954,True,Zone de robustesse (haute confiance),60.03,73.28
580,-0.5119,True,Zone de robustesse (haute confiance),68.52,77.66
581,-0.5387,True,Zone de robustesse (haute confiance),65.82,71.32
582,-0.6134,True,Zone de robustesse (haute confiance),71.88,71.72
583,-0.5649,True,Zone de robustesse (haute confiance),56.68,69.09
584,-0.5855,True,Zone de robustesse (haute confiance),73.43,81.18
585,-0.49,False,Zone de robustesse (haute confiance),67.44,73.61
586,-0.4982,False,Zone de robustesse (haute confiance),65.37,72.8
587,-0.6044,True,Zone de robustesse (haute confiance),64.09,67.18
588,-0.5469,True,Zone de robustesse (haute confiance),55.47,67.93
589,-0.4681,False,Zone de robustesse (haute confiance),65.1,72.61
590,-0.6262,True,Zone d'extrapolation (faible confiance — prédiction incertaine),66.67,67.48
591,-0.5324,True,Zone de robustesse (haute confiance),57.84,57.42
592,-0.6192,True,Zone de robustesse (haute confiance),70.16,60.03
593,-0.5971,True,Zone de robustesse (haute confiance),75.94,68.86
594,-0.5664,True,Zone de robustesse (haute confiance),71.6,71.54
595,-0.5428,True,Zone de robustesse (haute confiance),74.07,83.14
596,-0.5428,True,Zone de robustesse (haute confiance),74.07,83.14
597,-0.5505,True,Zone de robustesse (haute confiance),55.04,52.99
598,-0.6192,True,Zone de robustesse (haute confiance),70.16,60.03
599,-0.5007,True,Zone de robustesse (haute confiance),65.09,71.29
600,-0.5387,True,Zone de robustesse (haute confiance),65.82,71.32
601,-0.5119,True,Zone de robustesse (haute confiance),68.52,77.66
602,-0.4764,False,Zone de robustesse (haute confiance),61.89,70.49
603,-0.5633,True,Zone de robustesse (haute confiance),72.62,74.09
604,-0.5457,True,Zone de robustesse (haute confiance),57.95,55.94
605,-0.6053,True,Zone de robustesse (haute confiance),66.66,70.56
606,-0.5431,True,Zone de robustesse (haute confiance),65.67,62.58
607,-0.4982,False,Zone de robustesse (haute confiance),65.37,72.8
608,-0.5472,True,Zone de robustesse (haute confiance),54.76,68.16
609,-0.5633,True,Zone de robustesse (haute confiance),72.62,74.09
610,-0.5277,True,Zone de robustesse (haute confiance),65.19,70.77
611,-0.6125,True,Zone de robustesse (haute confiance),66.71,68.09
612,-0.4681,False,Zone de robustesse (haute confiance),65.1,72.61
613,-0.5453,True,Zone de robustesse (haute confiance),77.77,76.01
614,-0.4982,False,Zone de robustesse (haute confiance),65.37,72.8
615,-0.6312,True,Zone d'extrapolation (faible confiance — prédiction incertaine),68.19,70.69
616,-0.4764,False,Zone de robustesse (haute confiance),61.89,70.49
617,-0.5698,True,Zone de robustesse (haute confiance),72.66,77.39
618,-0.5487,True,Zone de robustesse (haute confiance),72.19,68.55
619,-0.5253,True,Zone de robustesse (haute confiance),72.59,69.13
620,-0.5905,True,Zone de robustesse (haute confiance),64.8,67.06
621,-0.5325,True,Zone de robustesse (haute confiance),49.08,60.76
622,-0.5701,True,Zone de robustesse (haute confiance),59.45,59.28
623,-0.5729,True,Zone de robustesse (haute confiance),61.04,63.15
624,-0.6118,True,Zone de robustesse (haute confiance),75.96,72.03
625,-0.6073,True,Zone de robustesse (haute confiance),60.48,69.05
626,-0.5629,True,Zone de robustesse (haute confiance),76.17,73.89
627,-0.625,True,Zone d'extrapolation (faible confiance — prédiction incertaine),64.89,67.06
628,-0.5309,True,Zone de robustesse (haute confiance),71.64,65.13
629,-0.5643,True,Zone de robustesse (haute confiance),60.59,58.61
630,-0.5664,True,Zone de robustesse (haute confiance),66.55,76.23
631,-0.4904,False,Zone de robustesse (haute confiance),70.59,64.96
632,-0.5182,True,Zone de robustesse (haute confiance),66.22,59.88
633,-0.5899,True,Zone de robustesse (haute confiance),73.0,80.8
634,-0.4764,False,Zone de robustesse (haute confiance),61.89,70.49
635,-0.5342,True,Zone de robustesse (haute confiance),69.29,63.47
636,-0.5834,True,Zone de robustesse (haute confiance),68.0,59.62
637,-0.5846,True,Zone de robustesse (haute confiance),55.72,68.19
638,-0.5976,True,Zone de robustesse (haute confiance),70.13,77.2
639,-0.553,True,Zone de robustesse (haute confiance),76.32,65.75
640,-0.5471,True,Zone de robustesse (haute confiance),68.51,73.82
641,-0.4909,False,Zone de robustesse (haute confiance),68.58,63.33
642,-0.5907,True,Zone de robustesse (haute confiance),62.77,74.73
643,-0.5789,True,Zone de robustesse (haute confiance),49.81,58.53
644,-0.6087,True,Zone de robustesse (haute confiance),76.19,77.03
645,-0.5182,True,Zone de robustesse (haute confiance),66.22,59.88
646,-0.5899,True,Zone de robustesse (haute confiance),73.0,80.8
647,-0.5471,True,Zone de robustesse (haute confiance),68.51,73.82
648,-0.5923,True,Zone de robustesse (haute confiance),58.66,62.23
649,-0.4973,False,Zone de robustesse (haute confiance),62.51,67.4
650,-0.5497,True,Zone de robustesse (haute confiance),72.4,81.03
651,-0.6222,True,Zone de robustesse (haute confiance),60.83,63.06
652,-0.6315,True,Zone d'extrapolation (faible confiance — prédiction incertaine),69.53,74.18
653,-0.5497,True,Zone de robustesse (haute confiance),72.4,81.03
654,-0.6363,True,Zone d'extrapolation (faible confiance — prédiction incertaine),73.45,78.97
655,-0.5531,True,Zone de robustesse (haute confiance),62.28,67.33
656,-0.5258,True,Zone de robustesse (haute confiance),65.16,70.37
657,-0.5651,True,Zone de robustesse (haute confiance),58.08,57.51
658,-0.5342,True,Zone de robustesse (haute confiance),69.29,63.47
659,-0.5685,True,Zone de robustesse (haute confiance),57.02,65.98
660,-0.5309,True,Zone de robustesse (haute confiance),71.64,65.13
661,-0.5324,True,Zone de robustesse (haute confiance),57.84,57.42
662,-0.5431,True,Zone de robustesse (haute confiance),65.67,62.58
663,-0.5275,True,Zone de robustesse (haute confiance),55.91,65.61
664,-0.4764,False,Zone de robustesse (haute confiance),61.89,70.49
665,-0.5309,True,Zone de robustesse (haute confiance),71.64,65.13
666,-0.6049,True,Zone de robustesse (haute confiance),55.38,68.71
667,-0.5742,True,Zone de robustesse (haute confiance),59.68,73.44
668,-0.5792,True,Zone de robustesse (haute confiance),55.0,66.15
669,-0.49,False,Zone de robustesse (haute confiance),68.43,64.07
670,-0.5865,True,Zone de robustesse (haute confiance),77.19,74.01
671,-0.5325,True,Zone de robustesse (haute confiance),49.08,60.76
672,-0.5798,True,Zone de robustesse (haute confiance),61.68,58.68
673,-0.4681,False,Zone de robustesse (haute confiance),65.1,72.61
674,-0.5166,True,Zone de robustesse (haute confiance),70.42,80.39
675,-0.565,True,Zone de robustesse (haute confiance),69.46,76.85
676,-0.5687,True,Zone de robustesse (haute confiance),70.53,79.26
677,-0.5981,True,Zone de robustesse (haute confiance),77.83,81.14
678,-0.5664,True,Zone de robustesse (haute confiance),66.55,76.23
679,-0.5798,True,Zone de robustesse (haute confiance),61.68,58.68
680,-0.5643,True,Zone de robustesse (haute confiance),60.59,58.61
681,-0.5007,True,Zone de robustesse (haute confiance),65.09,71.29
682,-0.5182,True,Zone de robustesse (haute confiance),66.22,59.88
683,-0.5182,True,Zone de robustesse (haute confiance),66.22,59.88
684,-0.6049,True,Zone de robustesse (haute confiance),55.38,68.71
685,-0.5721,True,Zone de robustesse (haute confiance),74.51,72.38
686,-0.6171,True,Zone de robustesse (haute confiance),79.61,84.0
687,-0.5996,True,Zone de robustesse (haute confiance),82.15,74.37
688,-0.5798,True,Zone de robustesse (haute confiance),61.68,58.68
689,-0.6134,True,Zone de robustesse (haute confiance),58.42,53.03
690,-0.6214,True,Zone de robustesse (haute confiance),65.68,59.33
691,-0.4982,False,Zone de robustesse (haute confiance),65.37,72.8
692,-0.6238,True,Zone d'extrapolation (faible confiance — prédiction incertaine),61.8,66.33
693,-0.5746,True,Zone de robustesse (haute confiance),61.84,76.06
694,-0.5471,True,Zone de robustesse (haute confiance),68.51,73.82
695,-0.5334,True,Zone de robustesse (haute confiance),62.01,70.33
696,-0.5275,True,Zone de robustesse (haute confiance),55.91,65.61
697,-0.5166,True,Zone de robustesse (haute confiance),70.42,80.39
698,-0.6242,True,Zone d'extrapolation (faible confiance — prédiction incertaine),68.77,73.2
699,-0.5855,True,Zone de robustesse (haute confiance),73.43,81.18
700,-0.5318,True,Zone de robustesse (haute confiance),54.33,54.81
701,-0.5951,True,Zone de robustesse (haute confiance),77.86,83.73
702,-0.5531,True,Zone de robustesse (haute confiance),62.28,67.33
703,-0.6099,True,Zone de robustesse (haute confiance),77.82,73.49
704,-0.49,False,Zone de robustesse (haute confiance),67.44,73.61
705,-0.6141,True,Zone de robustesse (haute confiance),55.86,68.14
706,-0.6215,True,Zone de robustesse (haute confiance),62.18,59.08
707,-0.4909,False,Zone de robustesse (haute confiance),68.58,63.33
708,-0.49,False,Zone de robustesse (haute confiance),68.43,64.07
709,-0.4909,False,Zone de robustesse (haute confiance),68.58,63.33
710,-0.5907,True,Zone de robustesse (haute confiance),62.77,74.73
711,-0.565,True,Zone de robustesse (haute confiance),74.25,73.21
712,-0.6388,True,Zone d'extrapolation (faible confiance — prédiction incertaine),76.44,77.54
713,-0.49,False,Zone de robustesse (haute confiance),67.44,73.61
714,-0.5253,True,Zone de robustesse (haute confiance),72.59,69.13
715,-0.5929,True,Zone de robustesse (haute confiance),67.0,74.67
716,-0.6259,True,Zone d'extrapolation (faible confiance — prédiction incertaine),59.85,73.39
717,-0.5627,True,Zone de robustesse (haute confiance),74.38,73.31
718,-0.5166,True,Zone de robustesse (haute confiance),70.42,80.39
719,-0.4764,False,Zone de robustesse (haute confiance),61.89,70.49
720,-0.6281,True,Zone d'extrapolation (faible confiance — prédiction incertaine),73.22,68.35
721,-0.5171,True,Zone de robustesse (haute confiance),53.16,64.32
722,-0.6388,True,Zone d'extrapolation (faible confiance — prédiction incertaine),64.25,64.36
723,-0.6141,True,Zone de robustesse (haute confiance),55.86,68.14
724,-0.4798,False,Zone de robustesse (haute confiance),65.58,62.63
725,-0.5442,True,Zone de robustesse (haute confiance),68.51,62.02
726,-0.5996,True,Zone de robustesse (haute confiance),82.15,74.37
727,-0.6024,True,Zone de robustesse (haute confiance),78.8,81.29
728,-0.609,True,Zone de robustesse (haute confiance),81.17,71.19
729,-0.5573,True,Zone de robustesse (haute confiance),52.73,61.99
730,-0.49,False,Zone de robustesse (haute confiance),68.43,64.07
731,-0.6259,True,Zone d'extrapolation (faible confiance — prédiction incertaine),59.85,73.39
732,-0.6194,True,Zone de robustesse (haute confiance),60.6,53.44
733,-0.51,True,Zone de robustesse (haute confiance),70.29,80.25
734,-0.5342,True,Zone de robustesse (haute confiance),69.29,63.47
735,-0.5891,True,Zone de robustesse (haute confiance),60.78,66.02
736,-0.5245,True,Zone de robustesse (haute confiance),72.21,68.34
737,-0.5217,True,Zone de robustesse (haute confiance),68.7,64.22
738,-0.5954,True,Zone de robustesse (haute confiance),60.03,73.28
739,-0.5309,True,Zone de robustesse (haute confiance),71.64,65.13
740,-0.5318,True,Zone de robustesse (haute confiance),54.33,54.81
741,-0.5487,True,Zone de robustesse (haute confiance),72.19,68.55
742,-0.6541,True,Zone d'extrapolation (faible confiance — prédiction incertaine),57.74,63.64
743,-0.4764,False,Zone de robustesse (haute confiance),61.89,70.49
744,-0.5166,True,Zone de robustesse (haute confiance),70.42,80.39
745,-0.5538,True,Zone de robustesse (haute confiance),58.03,56.14
746,-0.5309,True,Zone de robustesse (haute confiance),71.64,65.13
747,-0.4909,False,Zone de robustesse (haute confiance),68.58,63.33
748,-0.49,False,Zone de robustesse (haute confiance),68.43,64.07
749,-0.5469,True,Zone de robustesse (haute confiance),55.47,67.93
750,-0.5721,True,Zone de robustesse (haute confiance),74.51,72.38
751,-0.567,True,Zone de robustesse (haute confiance),74.22,70.47
752,-0.553,True,Zone de robustesse (haute confiance),76.32,65.75
753,-0.5797,True,Zone de robustesse (haute confiance),66.6,69.71
754,-0.5664,True,Zone de robustesse (haute confiance),66.55,76.23
755,-0.5651,True,Zone de robustesse (haute confiance),58.08,57.51
756,-0.5792,True,Zone de robustesse (haute confiance),73.73,74.3
757,-0.4904,False,Zone de robustesse (haute confiance),70.59,64.96
758,-0.6312,True,Zone d'extrapolation (faible confiance — prédiction incertaine),71.3,70.28
759,-0.5842,True,Zone de robustesse (haute confiance),61.7,74.51
760,-0.5721,True,Zone de robustesse (haute confiance),74.51,72.38
761,-0.5325,True,Zone de robustesse (haute confiance),49.08,60.76
762,-0.5387,True,Zone de robustesse (haute confiance),65.82,71.32
763,-0.567,True,Zone de robustesse (haute confiance),74.22,70.47
764,-0.4973,False,Zone de robustesse (haute confiance),62.51,67.4
765,-0.4904,False,Zone de robustesse (haute confiance),70.59,64.96
766,-0.4973,False,Zone de robustesse (haute confiance),62.51,67.4
767,-0.543,True,Zone de robustesse (haute confiance),66.39,76.07
768,-0.5671,True,Zone de robustesse (haute confiance),70.94,67.94
769,-0.5387,True,Zone de robustesse (haute confiance),65.82,71.32
770,-0.6068,True,Zone de robustesse (haute confiance),61.66,56.35
771,-0.5182,True,Zone de robustesse (haute confiance),66.22,59.88
772,-0.5487,True,Zone de robustesse (haute confiance),72.19,68.55
773,-0.6141,True,Zone de robustesse (haute confiance),55.86,68.14
774,-0.5469,True,Zone de robustesse (haute confiance),55.47,67.93
775,-0.5442,True,Zone de robustesse (haute confiance),68.51,62.02
776,-0.5789,True,Zone de robustesse (haute confiance),49.81,58.53
777,-0.4973,False,Zone de robustesse (haute confiance),62.51,67.4
778,-0.5171,True,Zone de robustesse (haute confiance),53.16,64.32
779,-0.6171,True,Zone de robustesse (haute confiance),72.51,78.95
780,-0.6014,True,Zone de robustesse (haute confiance),83.11,74.49
781,-0.5685,True,Zone de robustesse (haute confiance),57.02,65.98
782,-0.5401,True,Zone de robustesse (haute confiance),68.23,74.32
783,-0.5846,True,Zone de robustesse (haute confiance),55.72,68.19
784,-0.5166,True,Zone de robustesse (haute confiance),70.42,80.39
785,-0.5453,True,Zone de robustesse (haute confiance),77.77,76.01
786,-0.5929,True,Zone de robustesse (haute confiance),67.0,74.67
787,-0.6153,True,Zone de robustesse (haute confiance),59.38,62.41
788,-0.5258,True,Zone de robustesse (haute confiance),65.16,70.37
789,-0.5651,True,Zone de robustesse (haute confiance),58.08,57.51
790,-0.5472,True,Zone de robustesse (haute confiance),54.76,68.16
791,-0.4973,False,Zone de robustesse (haute confiance),62.51,67.4
792,-0.5275,True,Zone de robustesse (haute confiance),55.91,65.61
793,-0.5457,True,Zone de robustesse (haute confiance),57.95,55.94
794,-0.609,True,Zone de robustesse (haute confiance),81.17,71.19
795,-0.4973,False,Zone de robustesse (haute confiance),62.51,67.4
796,-0.63,True,Zone d'extrapolation (faible confiance — prédiction incertaine),67.99,74.7
797,-0.4909,False,Zone de robustesse (haute confiance),68.58,63.33
798,-0.6238,True,Zone d'extrapolation (faible confiance — prédiction incertaine),61.8,66.33
799,-0.553,True,Zone de robustesse (haute confiance),76.32,65.75
800,-0.4982,False,Zone de robustesse (haute confiance),65.37,72.8
801,-0.5865,True,Zone de robustesse (haute confiance),70.84,69.6
802,-0.5865,True,Zone de robustesse (haute confiance),70.84,69.6
803,-0.5792,True,Zone de robustesse (haute confiance),73.73,74.3
804,-0.5258,True,Zone de robustesse (haute confiance),65.16,70.37
805,-0.4681,False,Zone de robustesse (haute confiance),65.1,72.61
806,-0.6068,True,Zone de robustesse (haute confiance),61.66,56.35
807,-0.5275,True,Zone de robustesse (haute confiance),55.91,65.61
808,-0.5923,True,Zone de robustesse (haute confiance),58.66,62.23
809,-0.4798,False,Zone de robustesse (haute confiance),65.58,62.63
810,-0.5623,True,Zone de robustesse (haute confiance),70.56,65.63
811,-0.6192,True,Zone de robustesse (haute confiance),70.16,60.03
812,-0.6134,True,Zone de robustesse (haute confiance),58.42,53.03
813,-0.5505,True,Zone de robustesse (haute confiance),72.79,83.43
814,-0.609,True,Zone de robustesse (haute confiance),81.17,71.19
815,-0.4764,False,Zone de robustesse (haute confiance),61.89,70.49
816,-0.5826,True,Zone de robustesse (haute confiance),71.32,68.36
817,-0.6242,True,Zone d'extrapolation (faible confiance — prédiction incertaine),68.77,73.2
818,-0.5903,True,Zone de robustesse (haute confiance),66.88,70.21
819,-0.5581,True,Zone de robustesse (haute confiance),49.77,58.6
820,-0.5334,True,Zone de robustesse (haute confiance),62.01,70.33
821,-0.6367,True,Zone d'extrapolation (faible confiance — prédiction incertaine),70.44,74.86
822,-0.5649,True,Zone de robustesse (haute confiance),56.68,69.09
823,-0.6469,True,Zone d'extrapolation (faible confiance — prédiction incertaine),72.34,68.5
824,-0.5581,True,Zone de robustesse (haute confiance),49.77,58.6
825,-0.545,True,Zone de robustesse (haute confiance),49.5,60.6
826,-0.4798,False,Zone de robustesse (haute confiance),65.58,62.63
827,-0.5939,True,Zone de robustesse (haute confiance),59.78,73.67
828,-0.5334,True,Zone de robustesse (haute confiance),62.01,70.33
829,-0.6165,True,Zone de robustesse (haute confiance),58.83,70.11
830,-0.5749,True,Zone de robustesse (haute confiance),65.97,59.92
831,-0.6224,True,Zone d'extrapolation (faible confiance — prédiction incertaine),56.76,63.11
832,-0.5746,True,Zone de robustesse (haute confiance),61.84,76.06
833,-0.5944,True,Zone de robustesse (haute confiance),72.46,65.11
834,-0.5908,True,Zone de robustesse (haute confiance),66.6,74.36
835,-0.5442,True,Zone de robustesse (haute confiance),68.51,62.02
836,-0.543,True,Zone de robustesse (haute confiance),66.39,76.07
837,-0.5649,True,Zone de robustesse (haute confiance),75.89,64.04
838,-0.6315,True,Zone d'extrapolation (faible confiance — prédiction incertaine),69.53,74.18
839,-0.625,True,Zone d'extrapolation (faible confiance — prédiction incertaine),64.89,67.06
840,-0.4982,False,Zone de robustesse (haute confiance),65.37,72.8
841,-0.5573,True,Zone de robustesse (haute confiance),52.73,61.99
842,-0.5431,True,Zone de robustesse (haute confiance),65.67,62.58
843,-0.5846,True,Zone de robustesse (haute confiance),55.72,68.19
844,-0.5934,True,Zone de robustesse (haute confiance),65.07,67.13
845,-0.6165,True,Zone de robustesse (haute confiance),58.83,70.11
846,-0.5815,True,Zone de robustesse (haute confiance),78.33,69.42
847,-0.5653,True,Zone de robustesse (haute confiance),77.68,76.52
848,-0.4909,False,Zone de robustesse (haute confiance),68.58,63.33
849,-0.4764,False,Zone de robustesse (haute confiance),61.89,70.49
850,-0.5309,True,Zone de robustesse (haute confiance),71.64,65.13
851,-0.5245,True,Zone de robustesse (haute confiance),72.21,68.34
852,-0.6044,True,Zone de robustesse (haute confiance),64.09,67.18
853,-0.5633,True,Zone de robustesse (haute confiance),72.62,74.09
854,-0.6059,True,Zone de robustesse (haute confiance),75.99,64.19
855,-0.5431,True,Zone de robustesse (haute confiance),65.67,62.58
856,-0.5289,True,Zone de robustesse (haute confiance),67.46,73.87
857,-0.5538,True,Zone de robustesse (haute confiance),58.03,56.14
858,-0.5089,True,Zone de robustesse (haute confiance),68.71,76.41
859,-0.5671,True,Zone de robustesse (haute confiance),70.94,67.94
860,-0.5651,True,Zone de robustesse (haute confiance),58.08,57.51
861,-0.4982,False,Zone de robustesse (haute confiance),65.37,72.8
862,-0.6009,True,Zone de robustesse (haute confiance),61.94,69.31
863,-0.5903,True,Zone de robustesse (haute confiance),66.88,70.21
864,-0.51,True,Zone de robustesse (haute confiance),70.29,80.25
865,-0.5217,True,Zone de robustesse (haute confiance),68.7,64.22
866,-0.5629,True,Zone de robustesse (haute confiance),76.17,73.89
867,-0.5318,True,Zone de robustesse (haute confiance),54.33,54.81
868,-0.5681,True,Zone de robustesse (haute confiance),68.54,62.5
869,-0.6281,True,Zone d'extrapolation (faible confiance — prédiction incertaine),73.22,68.35
870,-0.5651,True,Zone de robustesse (haute confiance),58.08,57.51
871,-0.5182,True,Zone de robustesse (haute confiance),66.22,59.88
872,-0.51,True,Zone de robustesse (haute confiance),70.29,80.25
873,-0.5968,True,Zone de robustesse (haute confiance),74.41,72.51
874,-0.6393,True,Zone d'extrapolation (faible confiance — prédiction incertaine),66.69,59.34
875,-0.5469,True,Zone de robustesse (haute confiance),55.47,67.93
876,-0.5324,True,Zone de robustesse (haute confiance),57.84,57.42
877,-0.4904,False,Zone de robustesse (haute confiance),70.59,64.96
878,-0.5431,True,Zone de robustesse (haute confiance),65.67,62.58
879,-0.5387,True,Zone de robustesse (haute confiance),65.82,71.32
880,-0.5471,True,Zone de robustesse (haute confiance),68.51,73.82
881,-0.5453,True,Zone de robustesse (haute confiance),77.77,76.01
882,-0.5951,True,Zone de robustesse (haute confiance),77.86,83.73
883,-0.5581,True,Zone de robustesse (haute confiance),49.77,58.6
884,-0.571,True,Zone de robustesse (haute confiance),61.09,61.7
885,-0.5792,True,Zone de robustesse (haute confiance),73.73,74.3
886,-0.5166,True,Zone de robustesse (haute confiance),70.42,80.39
887,-0.6024,True,Zone de robustesse (haute confiance),78.8,81.29
888,-0.5318,True,Zone de robustesse (haute confiance),54.33,54.81
889,-0.5275,True,Zone de robustesse (haute confiance),55.91,65.61
890,-0.5457,True,Zone de robustesse (haute confiance),57.95,55.94
891,-0.5981,True,Zone de robustesse (haute confiance),77.83,81.14
892,-0.5792,True,Zone de robustesse (haute confiance),73.73,74.3
893,-0.6395,True,Zone d'extrapolation (faible confiance — prédiction incertaine),59.13,66.21
894,-0.567,True,Zone de robustesse (haute confiance),74.22,70.47
895,-0.5792,True,Zone de robustesse (haute confiance),73.73,74.3
896,-0.6153,True,Zone de robustesse (haute confiance),59.38,62.41
897,-0.5505,True,Zone de robustesse (haute confiance),55.04,52.99
898,-0.6141,True,Zone de robustesse (haute confiance),55.86,68.14
899,-0.5865,True,Zone de robustesse (haute confiance),77.19,74.01
900,-0.5976,True,Zone de robustesse (haute confiance),70.13,77.2
901,-0.5253,True,Zone de robustesse (haute confiance),72.59,69.13
902,-0.507,True,Zone de robustesse (haute confiance),67.95,76.77
903,-0.651,True,Zone d'extrapolation (faible confiance — prédiction incertaine),60.27,68.38
904,-0.5932,True,Zone de robustesse (haute confiance),62.15,77.0
905,-0.5668,True,Zone de robustesse (haute confiance),53.7,62.02
906,-0.4904,False,Zone de robustesse (haute confiance),70.59,64.96
907,-0.5182,True,Zone de robustesse (haute confiance),66.22,59.88
908,-0.5497,True,Zone de robustesse (haute confiance),72.4,81.03
909,-0.5469,True,Zone de robustesse (haute confiance),55.47,67.93
910,-0.5967,True,Zone de robustesse (haute confiance),81.76,76.79
911,-0.571,True,Zone de robustesse (haute confiance),61.09,61.7
912,-0.6045,True,Zone de robustesse (haute confiance),67.22,70.31
913,-0.5428,True,Zone de robustesse (haute confiance),74.07,83.14
914,-0.5746,True,Zone de robustesse (haute confiance),61.84,76.06
915,-0.5947,True,Zone de robustesse (haute confiance),53.28,63.41
916,-0.5633,True,Zone de robustesse (haute confiance),72.62,74.09
917,-0.5967,True,Zone de robustesse (haute confiance),81.76,76.79
918,-0.4764,False,Zone de robustesse (haute confiance),61.89,70.49
919,-0.5166,True,Zone de robustesse (haute confiance),70.42,80.39
920,-0.5721,True,Zone de robustesse (haute confiance),74.51,72.38
921,-0.5457,True,Zone de robustesse (haute confiance),57.95,55.94
922,-0.5325,True,Zone de robustesse (haute confiance),49.08,60.76
923,-0.4909,False,Zone de robustesse (haute confiance),68.58,63.33
924,-0.5947,True,Zone de robustesse (haute confiance),53.28,63.41
925,-0.5457,True,Zone de robustesse (haute confiance),57.95,55.94
926,-0.609,True,Zone de robustesse (haute confiance),81.17,71.19
927,-0.6393,True,Zone d'extrapolation (faible confiance — prédiction incertaine),66.69,59.34
928,-0.5833,True,Zone de robustesse (haute confiance),58.47,70.12
929,-0.6281,True,Zone d'extrapolation (faible confiance — prédiction incertaine),73.22,68.35
930,-0.545,True,Zone de robustesse (haute confiance),49.5,60.6
931,-0.5809,True,Zone de robustesse (haute confiance),64.71,67.12
932,-0.5643,True,Zone de robustesse (haute confiance),60.59,58.61
933,-0.598,True,Zone de robustesse (haute confiance),67.76,68.01
934,-0.5806,True,Zone de robustesse (haute confiance),66.61,69.37
935,-0.5627,True,Zone de robustesse (haute confiance),74.38,73.31
936,-0.5643,True,Zone de robustesse (haute confiance),60.59,58.61
937,-0.6118,True,Zone de robustesse (haute confiance),71.74,62.37
938,-0.5923,True,Zone de robustesse (haute confiance),58.66,62.23
939,-0.5629,True,Zone de robustesse (haute confiance),76.17,73.89
940,-0.567,True,Zone de robustesse (haute confiance),74.22,70.47
941,-0.5797,True,Zone de robustesse (haute confiance),66.6,69.71
942,-0.5119,True,Zone de robustesse (haute confiance),68.52,77.66
943,-0.4798,False,Zone de robustesse (haute confiance),65.58,62.63
944,-0.6612,True,Zone d'extrapolation (faible confiance — prédiction incertaine),65.31,63.32
945,-0.4973,False,Zone de robustesse (haute confiance),62.51,67.4
946,-0.4982,False,Zone de robustesse (haute confiance),65.37,72.8
947,-0.5182,True,Zone de robustesse (haute confiance),66.22,59.88
948,-0.5275,True,Zone de robustesse (haute confiance),55.91,65.61
949,-0.6332,True,Zone d'extrapolation (faible confiance — prédiction incertaine),61.33,62.81
950,-0.6218,True,Zone de robustesse (haute confiance),64.91,70.29
951,-0.5649,True,Zone de robustesse (haute confiance),75.89,64.04
952,-0.5497,True,Zone de robustesse (haute confiance),72.4,81.03
953,-0.6153,True,Zone de robustesse (haute confiance),59.38,62.41
954,-0.5297,True,Zone de robustesse (haute confiance),70.71,69.32
955,-0.4681,False,Zone de robustesse (haute confiance),65.1,72.61
956,-0.5984,True,Zone de robustesse (haute confiance),77.42,65.93
957,-0.49,False,Zone de robustesse (haute confiance),68.43,64.07
958,-0.5119,True,Zone de robustesse (haute confiance),68.52,77.66
959,-0.5007,True,Zone de robustesse (haute confiance),65.09,71.29
960,-0.4798,False,Zone de robustesse (haute confiance),65.58,62.63
961,-0.6045,True,Zone de robustesse (haute confiance),67.22,70.31
962,-0.5668,True,Zone de robustesse (haute confiance),53.7,62.02
963,-0.5792,True,Zone de robustesse (haute confiance),73.73,74.3
964,-0.6049,True,Zone de robustesse (haute confiance),55.38,68.71
965,-0.4904,False,Zone de robustesse (haute confiance),70.59,64.96
966,-0.49,False,Zone de robustesse (haute confiance),67.44,73.61
967,-0.628,True,Zone d'extrapolation (faible confiance — prédiction incertaine),73.84,68.51
968,-0.49,False,Zone de robustesse (haute confiance),68.43,64.07
969,-0.5792,True,Zone de robustesse (haute confiance),73.73,74.3
970,-0.5289,True,Zone de robustesse (haute confiance),67.46,73.87
971,-0.5301,True,Zone de robustesse (haute confiance),69.31,77.3
972,-0.5865,True,Zone de robustesse (haute confiance),70.84,69.6
973,-0.651,True,Zone d'extrapolation (faible confiance — prédiction incertaine),60.27,68.38
974,-0.5275,True,Zone de robustesse (haute confiance),55.91,65.61
975,-0.6045,True,Zone de robustesse (haute confiance),67.22,70.31
976,-0.51,True,Zone de robustesse (haute confiance),70.29,80.25
977,-0.5934,True,Zone de robustesse (haute confiance),65.07,67.13
978,-0.5217,True,Zone de robustesse (haute confiance),68.7,64.22
979,-0.5743,True,Zone de robustesse (haute confiance),73.58,70.01
980,-0.4982,False,Zone de robustesse (haute confiance),65.37,72.8
981,-0.5581,True,Zone de robustesse (haute confiance),49.77,58.6
982,-0.5342,True,Zone de robustesse (haute confiance),69.29,63.47
983,-0.5826,True,Zone de robustesse (haute confiance),71.32,68.36
984,-0.6171,True,Zone de robustesse (haute confiance),72.51,78.95
985,-0.5334,True,Zone de robustesse (haute confiance),62.01,70.33
986,-0.5834,True,Zone de robustesse (haute confiance),68.0,59.62
987,-0.4982,False,Zone de robustesse (haute confiance),65.37,72.8
988,-0.609,True,Zone de robustesse (haute confiance),81.17,71.19
989,-0.623,True,Zone d'extrapolation (faible confiance — prédiction incertaine),55.66,58.97
990,-0.5842,True,Zone de robustesse (haute confiance),61.7,74.51
991,-0.637,True,Zone d'extrapolation (faible confiance — prédiction incertaine),70.93,64.95
992,-0.5929,True,Zone de robustesse (haute confiance),67.0,74.67
993,-0.5685,True,Zone de robustesse (haute confiance),57.02,65.98
994,-0.5649,True,Zone de robustesse (haute confiance),56.68,69.09
995,-0.5834,True,Zone de robustesse (haute confiance),68.0,59.62
996,-0.6171,True,Zone de robustesse (haute confiance),79.61,84.0
997,-0.5318,True,Zone de robustesse (haute confiance),54.33,54.81
998,-0.5646,True,Zone de robustesse (haute confiance),55.45,68.91
999,-0.5497,True,Zone de robustesse (haute confiance),72.4,81.03
1000,-0.5275,True,Zone de robustesse (haute confiance),55.91,65.61
